{"assets/fonts/ALSALAM-Heavy.ttf":["assets/fonts/ALSALAM-Heavy.ttf"],"assets/fonts/ALSALAM-Medium.ttf":["assets/fonts/ALSALAM-Medium.ttf"],"assets/icons/home/remove_item.png":["assets/icons/home/remove_item.png"],"assets/icons/home/true_green.png":["assets/icons/home/true_green.png"],"assets/icons/home/true_yellow.png":["assets/icons/home/true_yellow.png"],"assets/images/cute-family-playing-summer-field.jpeg":["assets/images/cute-family-playing-summer-field.jpeg"],"assets/languages/ar.json":["assets/languages/ar.json"],"assets/languages/en.json":["assets/languages/en.json"],"packages/cupertino_icons/assets/CupertinoIcons.ttf":["packages/cupertino_icons/assets/CupertinoIcons.ttf"]}